pagina,sc,axe,lighthouse,ibm,htmlcs,axe_regras,lighthouse_regras,ibm_regras,htmlcs_regras
bold_home,4.1.1,0,0,0,1,,,,WCAG2AA.Principle4.Guideline4_1.4_1_1.F77=2
bold_home,4.1.2,0,0,1,0,,,aria_role_valid=1,
bold_alert,1.4.3,1,1,0,1,color-contrast=4,color-contrast=4,,WCAG2AA.Principle1.Guideline1_4.1_4_3.G18.Fail=4
bold_alert,4.1.1,0,0,0,1,,,,WCAG2AA.Principle4.Guideline4_1.4_1_1.F77=2
bold_alert,4.1.2,0,0,1,0,,,aria_role_valid=1,
bold_button,1.4.3,1,1,0,1,color-contrast=5,color-contrast=5,,WCAG2AA.Principle1.Guideline1_4.1_4_3.G18.Fail=5
bold_button,4.1.1,0,0,0,1,,,,WCAG2AA.Principle4.Guideline4_1.4_1_1.F77=2
bold_button,4.1.2,0,0,1,0,,,aria_role_valid=1,
bold_checkbox,1.4.3,0,0,1,1,,,text_contrast_sufficient=1,WCAG2AA.Principle1.Guideline1_4.1_4_3.G18.Fail=1
bold_checkbox,4.1.1,0,0,0,1,,,,WCAG2AA.Principle4.Guideline4_1.4_1_1.F77=2
bold_checkbox,4.1.2,0,0,1,0,,,aria_role_valid=1,
bold_form,1.3.1,0,0,1,0,,,input_checkboxes_grouped=3,
bold_form,1.4.3,1,1,0,1,color-contrast=10,color-contrast=10,,WCAG2AA.Principle1.Guideline1_4.1_4_3.G18.Fail=10
bold_form,4.1.1,0,0,0,1,,,,WCAG2AA.Principle4.Guideline4_1.4_1_1.F77=2
bold_form,4.1.2,0,0,1,0,,,aria_role_valid=1,
bold_table,1.1.1,0,0,1,0,,,svg_graphics_labelled=2,
bold_table,1.3.1,0,1,0,0,,td-has-header=2,,
bold_table,1.4.3,1,1,0,1,color-contrast=5,color-contrast=5,,WCAG2AA.Principle1.Guideline1_4.1_4_3.G18.Fail=5
bold_table,4.1.1,0,0,0,1,,,,WCAG2AA.Principle4.Guideline4_1.4_1_1.F77=2
bold_table,4.1.2,1,1,1,1,button-name=19,button-name=19,aria_role_valid=1; input_label_exists=19,WCAG2AA.Principle4.Guideline4_1.4_1_2.H91.Button.Name=19
bold_a11y,4.1.1,0,0,0,1,,,,WCAG2AA.Principle4.Guideline4_1.4_1_1.F77=2
bold_a11y,4.1.2,0,0,1,0,,,aria_role_valid=1,
bold_getting_started,1.4.3,1,1,0,1,color-contrast=3,color-contrast=3,,WCAG2AA.Principle1.Guideline1_4.1_4_3.G18.Fail=3
bold_getting_started,2.1.1,1,0,0,0,scrollable-region-focusable=1,,,
bold_getting_started,4.1.1,0,0,0,1,,,,WCAG2AA.Principle4.Guideline4_1.4_1_1.F77=2
bold_getting_started,4.1.2,0,0,1,0,,,aria_role_valid=1,
dsgov_home,1.3.1,1,1,0,0,aria-required-children=1,aria-required-children=1,,
dsgov_home,1.4.1,1,1,0,0,link-in-text-block=2,link-in-text-block=2,,
dsgov_home,4.1.1,0,0,0,1,,,,WCAG2AA.Principle4.Guideline4_1.4_1_1.F77=3
dsgov_home,4.1.2,1,1,1,0,aria-allowed-attr=1,aria-allowed-attr=1,aria_role_valid=1; aria_widget_labelled=1,
dsgov_a11y,1.3.1,1,1,0,1,aria-required-children=1,aria-required-children=1,,WCAG2AA.Principle1.Guideline1_3.1_3_1.F68=1
dsgov_a11y,1.4.1,1,1,0,0,link-in-text-block=2,link-in-text-block=2,,
dsgov_a11y,3.2.2,0,0,0,1,,,,WCAG2AA.Principle3.Guideline3_2.3_2_2.H32.2=1
dsgov_a11y,4.1.1,0,0,0,1,,,,WCAG2AA.Principle4.Guideline4_1.4_1_1.F77=4
dsgov_a11y,4.1.2,1,1,1,1,aria-allowed-attr=1,aria-allowed-attr=1,aria_role_valid=1; aria_widget_labelled=1,WCAG2AA.Principle4.Guideline4_1.4_1_2.H91.Textarea.Name=1
dsgov_button,1.3.1,1,1,1,1,aria-required-children=2; aria-required-parent=37; listitem=37,aria-required-children=2; aria-required-parent=37; listitem=37,aria_form_label_unique=8; aria_navigation_label_unique=10; form_label_unique=7; label_ref_valid=8,WCAG2AA.Principle1.Guideline1_3.1_3_1.F68=3; WCAG2AA.Principle1.Guideline1_3.1_3_1.H49.AlignAttr=54
dsgov_button,1.4.1,1,1,0,0,link-in-text-block=2,link-in-text-block=2,,
dsgov_button,1.4.3,1,1,0,1,color-contrast=15,color-contrast=15,,WCAG2AA.Principle1.Guideline1_4.1_4_3.G18.Fail=597
dsgov_button,2.5.3,0,1,1,0,,label-content-name-mismatch=20,label_name_visible=20,
dsgov_button,3.1.1,0,0,1,0,,,html_lang_exists=8,
dsgov_button,3.2.2,0,0,0,1,,,,WCAG2AA.Principle3.Guideline3_2.3_2_2.H32.2=3
dsgov_button,4.1.1,0,0,0,1,,,,WCAG2AA.Principle4.Guideline4_1.4_1_1.F77=7
dsgov_button,4.1.2,1,1,1,1,aria-allowed-attr=1,aria-allowed-attr=1,aria_role_valid=1; aria_widget_labelled=1; label_content_exists=8,WCAG2AA.Principle4.Guideline4_1.4_1_2.H91.Textarea.Name=3
dsgov_input,1.3.1,1,1,1,1,aria-required-children=2; aria-required-parent=37; listitem=37,aria-required-children=2; aria-required-parent=37; listitem=37,aria_form_label_unique=7; aria_navigation_label_unique=9; form_label_unique=6; label_ref_valid=7,WCAG2AA.Principle1.Guideline1_3.1_3_1.F68=3; WCAG2AA.Principle1.Guideline1_3.1_3_1.H49.AlignAttr=51
dsgov_input,1.4.1,1,1,0,0,link-in-text-block=2,link-in-text-block=2,,
dsgov_input,1.4.3,1,1,0,1,color-contrast=26,color-contrast=26,,WCAG2AA.Principle1.Guideline1_4.1_4_3.G18.Fail=759
dsgov_input,2.5.3,0,1,1,0,,label-content-name-mismatch=19,label_name_visible=19,
dsgov_input,3.1.1,0,0,1,0,,,html_lang_exists=7,
dsgov_input,3.2.2,0,0,0,1,,,,WCAG2AA.Principle3.Guideline3_2.3_2_2.H32.2=3
dsgov_input,4.1.1,0,0,0,1,,,,WCAG2AA.Principle4.Guideline4_1.4_1_1.F77=7
dsgov_input,4.1.2,1,1,1,1,aria-allowed-attr=1,aria-allowed-attr=1,aria_role_valid=1; aria_widget_labelled=1; label_content_exists=7,WCAG2AA.Principle4.Guideline4_1.4_1_2.H91.Textarea.Name=3
dsgov_menu,1.3.1,1,1,1,1,aria-required-children=2; aria-required-parent=37; listitem=37,aria-required-children=2; aria-required-parent=37; listitem=37,aria_form_label_unique=5; aria_navigation_label_unique=7; aria_parent_required=3; form_label_unique=4; label_ref_valid=5,WCAG2AA.Principle1.Guideline1_3.1_3_1.F68=3; WCAG2AA.Principle1.Guideline1_3.1_3_1.H49.AlignAttr=44
dsgov_menu,1.4.1,1,1,0,0,link-in-text-block=2,link-in-text-block=2,,
dsgov_menu,1.4.3,1,1,0,1,color-contrast=80,color-contrast=80,,WCAG2AA.Principle1.Guideline1_4.1_4_3.G18.Fail=1049
dsgov_menu,2.5.3,0,1,1,0,,label-content-name-mismatch=15,label_name_visible=15,
dsgov_menu,3.1.1,0,0,1,0,,,html_lang_exists=5,
dsgov_menu,3.2.2,0,0,0,1,,,,WCAG2AA.Principle3.Guideline3_2.3_2_2.H32.2=3
dsgov_menu,4.1.1,0,0,0,1,,,,WCAG2AA.Principle4.Guideline4_1.4_1_1.F77=10
dsgov_menu,4.1.2,1,1,1,1,aria-allowed-attr=1,aria-allowed-attr=1,aria_role_valid=6; aria_widget_labelled=9; label_content_exists=5,WCAG2AA.Principle4.Guideline4_1.4_1_2.H91.Textarea.Name=3
dsgov_message,1.3.1,1,1,1,1,aria-required-children=2; aria-required-parent=37; listitem=37,aria-required-children=2; aria-required-parent=37; listitem=37,aria_form_label_unique=2; aria_navigation_label_unique=4; form_label_unique=1; label_ref_valid=2,WCAG2AA.Principle1.Guideline1_3.1_3_1.F68=3; WCAG2AA.Principle1.Guideline1_3.1_3_1.H49.AlignAttr=57
dsgov_message,1.4.1,1,1,0,0,link-in-text-block=2,link-in-text-block=2,,
dsgov_message,1.4.3,1,1,0,1,color-contrast=28,color-contrast=28,,WCAG2AA.Principle1.Guideline1_4.1_4_3.G18.Fail=540
dsgov_message,2.5.3,0,1,1,0,,label-content-name-mismatch=9,label_name_visible=9,
dsgov_message,3.1.1,0,0,1,0,,,html_lang_exists=2,
dsgov_message,3.2.2,0,0,0,1,,,,WCAG2AA.Principle3.Guideline3_2.3_2_2.H32.2=3
dsgov_message,4.1.1,0,0,0,1,,,,WCAG2AA.Principle4.Guideline4_1.4_1_1.F77=7
dsgov_message,4.1.2,1,1,1,1,aria-allowed-attr=1,aria-allowed-attr=1,aria_role_valid=1; aria_widget_labelled=1; label_content_exists=2,WCAG2AA.Principle4.Guideline4_1.4_1_2.H91.Textarea.Name=3
dsgov_table,1.3.1,1,1,1,1,aria-required-children=2; aria-required-parent=37; listitem=37,aria-required-children=2; aria-required-parent=37; listitem=37,aria_form_label_unique=3; aria_navigation_label_unique=5; form_label_unique=2; label_ref_valid=3; table_headers_related=27; table_scope_valid=1,WCAG2AA.Principle1.Guideline1_3.1_3_1.F68=3; WCAG2AA.Principle1.Guideline1_3.1_3_1.H49.AlignAttr=85
dsgov_table,1.4.1,1,1,0,0,link-in-text-block=2,link-in-text-block=2,,
dsgov_table,1.4.3,1,1,0,1,color-contrast=23,color-contrast=23,,WCAG2AA.Principle1.Guideline1_4.1_4_3.G18.Fail=621
dsgov_table,2.5.3,0,1,1,0,,label-content-name-mismatch=11,label_name_visible=12,
dsgov_table,3.1.1,0,0,1,0,,,html_lang_exists=3,
dsgov_table,3.2.2,0,0,0,1,,,,WCAG2AA.Principle3.Guideline3_2.3_2_2.H32.2=3
dsgov_table,4.1.1,0,0,0,1,,,,WCAG2AA.Principle4.Guideline4_1.4_1_1.F77=8
dsgov_table,4.1.2,1,1,1,1,aria-allowed-attr=1,aria-allowed-attr=1,aria_role_valid=1; aria_widget_labelled=1; combobox_haspopup_valid=1; input_label_exists=2; label_content_exists=3,WCAG2AA.Principle4.Guideline4_1.4_1_2.H91.Textarea.Name=3
