sc,nivel,axe,lighthouse,ibm,htmlcs,uniao,todas4,3engines
1.1.1,A,0,0,1,0,1,0,0
1.2.1,A,0,0,0,0,0,0,0
1.2.2,A,0,0,0,0,0,0,0
1.2.3,A,0,0,0,0,0,0,0
1.2.4,AA,0,0,0,0,0,0,0
1.2.5,AA,0,0,0,0,0,0,0
1.3.1,A,7,8,6,6,9,5,5
1.3.2,A,0,0,0,0,0,0,0
1.3.3,A,0,0,0,0,0,0,0
1.3.4,AA,0,0,0,0,0,0,0
1.3.5,AA,0,0,0,0,0,0,0
1.4.1,A,7,7,0,0,7,0,0
1.4.2,A,0,0,0,0,0,0,0
1.4.3,AA,10,10,1,11,11,0,0
1.4.4,AA,0,0,0,0,0,0,0
1.4.5,AA,0,0,0,0,0,0,0
1.4.10,AA,0,0,0,0,0,0,0
1.4.11,AA,0,0,0,0,0,0,0
1.4.12,AA,0,0,0,0,0,0,0
1.4.13,AA,0,0,0,0,0,0,0
2.1.1,A,1,0,0,0,1,0,0
2.1.2,A,0,0,0,0,0,0,0
2.1.4,A,0,0,0,0,0,0,0
2.2.1,A,0,0,0,0,0,0,0
2.2.2,A,0,0,0,0,0,0,0
2.3.1,A,0,0,0,0,0,0,0
2.4.1,A,0,0,0,0,0,0,0
2.4.2,A,0,0,0,0,0,0,0
2.4.3,A,0,0,0,0,0,0,0
2.4.4,A,0,0,0,0,0,0,0
2.4.5,AA,0,0,0,0,0,0,0
2.4.6,AA,0,0,0,0,0,0,0
2.4.7,AA,0,0,0,0,0,0,0
2.5.1,A,0,0,0,0,0,0,0
2.5.2,A,0,0,0,0,0,0,0
2.5.3,A,0,5,5,0,5,0,0
2.5.4,A,0,0,0,0,0,0,0
3.1.1,A,0,0,5,0,5,0,0
3.1.2,AA,0,0,0,0,0,0,0
3.2.1,A,0,0,0,0,0,0,0
3.2.2,A,0,0,0,6,6,0,0
3.2.3,AA,0,0,0,0,0,0,0
3.2.4,AA,0,0,0,0,0,0,0
3.3.1,A,0,0,0,0,0,0,0
3.3.2,A,0,0,0,0,0,0,0
3.3.3,AA,0,0,0,0,0,0,0
3.3.4,AA,0,0,0,0,0,0,0
4.1.1,A,0,0,0,15,15,0,0
4.1.2,A,8,8,15,7,15,7,7
4.1.3,AA,0,0,0,0,0,0,0
